"STAID","g300.","g500.","g700.","g300.45N.10W","g500.45N.10W","g700.45N.10W","g300.35N.10W","g500.35N.10W","g700.35N.10W","g300.45N.5E","g500.45N.5E","g700.45N.5E","g300.35N.5E","g500.35N.5E","g700.35N.5E","g300..lag1","g500..lag1","g700..lag1","g300.45N.10W.lag1","g500.45N.10W.lag1","g700.45N.10W.lag1","g300.35N.10W.lag1","g500.35N.10W.lag1","g700.35N.10W.lag1","g300.45N.5E.lag1","g500.45N.5E.lag1","g700.45N.5E.lag1","g300.35N.5E.lag1","g500.35N.5E.lag1","g700.35N.5E.lag1","poly(g300., 2)1","poly(g300., 2)2","poly(g500., 2)1","poly(g500., 2)2","poly(g700., 2)1","poly(g700., 2)2","poly(g300.45N.10W, 2)1","poly(g300.45N.10W, 2)2","poly(g500.45N.10W, 2)1","poly(g500.45N.10W, 2)2","poly(g700.45N.10W, 2)1","poly(g700.45N.10W, 2)2","poly(g300.35N.10W, 2)1","poly(g300.35N.10W, 2)2","poly(g500.35N.10W, 2)1","poly(g500.35N.10W, 2)2","poly(g700.35N.10W, 2)1","poly(g700.35N.10W, 2)2","poly(g300.45N.5E, 2)1","poly(g300.45N.5E, 2)2","poly(g500.45N.5E, 2)1","poly(g500.45N.5E, 2)2","poly(g700.45N.5E, 2)1","poly(g700.45N.5E, 2)2","poly(g300.35N.5E, 2)1","poly(g300.35N.5E, 2)2","poly(g500.35N.5E, 2)1","poly(g500.35N.5E, 2)2","poly(g700.35N.5E, 2)1","poly(g700.35N.5E, 2)2"
"229",NA,NA,NA,NA,NA,NA,NA,NA,NA,NA,NA,NA,NA,NA,NA,-3.19402719152725,NA,3.60293114388352,4.63417092063259,NA,NA,NA,NA,NA,NA,4.04473305305629,-4.65169099354001,NA,NA,NA,NA,NA,-3.08186241985684,4.23589139404861,6.7099933237839,-1.7004133723261,NA,NA,NA,NA,-1.72127680501898,-2.18985481395691,NA,NA,-4.06591414250418,-1.96197799970375,NA,NA,-2.46979811896337,-0.897232374323516,NA,NA,NA,NA,-3.24748538985496,2.64269196765848,1.74444486302972,-2.26342530163394,NA,NA
"230",NA,NA,NA,NA,NA,NA,NA,NA,NA,NA,NA,NA,NA,NA,NA,-1.49623832936605,NA,4.63822642004234,4.80730293323777,NA,-3.94298781741059,NA,-3.20165967389974,1.82238536744741,-2.77496073542783,4.19659038357387,-4.20343880053332,-2.54031652127209,NA,NA,-2.0872395308538,-0.617263865169627,1.26890050882021,1.54585582574821,2.68527503951811,-0.68998321217391,NA,NA,NA,NA,-4.10855078283754,-3.77282706335218,NA,NA,NA,NA,-0.870699362748515,-1.34703685362297,NA,NA,NA,NA,-3.23928435411876,-0.642677921922747,-2.02742595880628,3.3608256533616,1.09641401407327,-2.60037135816209,NA,NA
"231",NA,NA,NA,NA,NA,NA,NA,NA,NA,NA,NA,NA,NA,NA,NA,-2.39510636652152,NA,5.91724986951499,NA,NA,-3.34720220234379,1.59538354247195,-2.30875955483782,NA,NA,3.94898414347617,-2.63101204495386,NA,-3.17681787196499,NA,-3.84394609984179,1.04299338862426,3.92787628889532,-1.08128461638818,-4.00428168609757,-1.29341239414832,NA,NA,NA,NA,-3.71936187949362,-2.32017655306255,NA,NA,-2.69148830276112,0.797689748780698,5.47016202848869,0.395478606011118,NA,NA,NA,NA,-5.90341102227234,-0.470014696194468,NA,NA,2.28537882030159,2.42270287479716,NA,NA
"232",NA,NA,NA,NA,NA,NA,NA,NA,NA,NA,NA,NA,NA,NA,NA,-2.75360124788352,4.11070170148825,NA,NA,3.68738645390863,-3.43136235410548,NA,-4.30336432991446,2.9326765504694,NA,1.70759287198676,-1.93384731198587,-1.92160066307648,1.60059522585984,-2.06338078613902,-2.24382625962803,1.13813086971321,2.0181516626576,-0.028734638178979,1.48669765706209,-0.24990504126748,NA,NA,NA,NA,-3.99030927146577,-2.19464651149501,NA,NA,NA,NA,NA,NA,-1.97471940971684,-0.330110626138285,NA,NA,NA,NA,-2.38524335362841,4.11134948303809,1.9517414770712,-3.23076665248365,NA,NA
"233",NA,NA,NA,NA,NA,NA,NA,NA,NA,NA,NA,NA,NA,NA,NA,NA,NA,2.62032314774223,3.10774107149383,NA,NA,NA,-1.54338368239662,NA,NA,2.23039155867698,-2.32749353582296,-3.57673691523984,NA,NA,-2.9471834657121,0.936078128148956,1.07717663663584,0.305783534635062,3.70123812493268,-1.02378946305321,NA,NA,2.38918368887858,0.414180453590243,-4.11281830032717,-1.83637379403266,-1.45933445008794,-1.07990225438229,NA,NA,NA,NA,-3.62420056953868,2.39893514506572,2.65103684625675,-2.37704091904603,-2.14197520418838,2.51799961887553,NA,NA,NA,NA,NA,NA
"234",NA,NA,4.97408208231901,-2.7134177884616,3.70202847394958,-7.63635724727522,NA,-3.0338357822038,2.8325629887524,NA,3.73185215487549,NA,2.07581188852778,-1.98419664187426,1.81673162641908,NA,-2.58222178740442,2.76664201331755,-2.45328058626581,3.84539134120357,NA,NA,NA,-1.67396743102176,-3.00769487742377,NA,NA,-2.62284686299497,1.86377190047098,-2.04651011688092,NA,NA,NA,NA,NA,NA,NA,NA,NA,NA,NA,NA,NA,NA,NA,NA,NA,NA,NA,NA,NA,NA,NA,NA,NA,NA,NA,NA,NA,NA
"236",NA,NA,NA,NA,NA,NA,NA,NA,NA,NA,NA,NA,NA,NA,NA,NA,-4.84122099705948,5.44209233191471,NA,NA,-4.40777247631871,-3.9321578643836,NA,NA,NA,5.5409871097903,NA,NA,NA,NA,-1.92551269753382,3.40837910198977,3.81764778515435,-2.91240326906194,NA,NA,0.303771495943961,-3.11982730944269,0.739835008919554,4.02965601949566,NA,NA,NA,NA,NA,NA,2.30212745266885,-0.507513718720508,3.37379632688404,-3.82895154466047,NA,NA,-7.53826616126567,3.88263445873133,-2.88403934434836,1.84817779807597,NA,NA,NA,NA
"237",NA,NA,NA,NA,NA,NA,NA,NA,NA,NA,NA,NA,NA,NA,NA,NA,NA,2.01341239186978,NA,2.42699640650539,-3.06661849058862,NA,-5.3457252482896,NA,-2.03808372129992,3.74373002503856,NA,NA,-3.65518858899028,2.79914771581563,-1.11198440275721,2.14114482956221,1.62903074652745,-2.76923770578496,NA,NA,-1.31378442199613,-2.99147011787968,NA,NA,-0.975349660086459,4.91970398549783,NA,NA,-1.41581937292628,2.30562329521185,4.48834805631908,-2.29004810956585,NA,NA,4.10009735200554,-3.19877602569808,-6.56835332487641,4.41077931206757,NA,NA,NA,NA,NA,NA
"238",NA,NA,NA,NA,NA,NA,NA,NA,NA,NA,NA,NA,NA,NA,NA,-3.7286036194188,NA,5.81455361493545,NA,3.66092535966297,-3.56130695655776,NA,NA,NA,NA,2.58099550152009,-3.09350840837038,NA,-3.23169872873392,NA,-1.71302077139648,-0.159237369444774,2.87214705263386,-0.0772504486155907,NA,NA,NA,NA,NA,NA,-6.55606833122528,-1.89387016289841,-2.34366009825289,-0.219632323517118,NA,NA,2.28091786390207,0.612047099220713,-2.876419793914,3.00961599609816,2.89486912811133,-2.54968332214969,-2.26692763842665,2.16145761113,-1.89194222117485,4.64898420779635,NA,NA,2.98027691961433,-2.22031039572479
"335",NA,NA,NA,NA,NA,NA,NA,NA,NA,NA,NA,NA,NA,NA,NA,NA,-4.51027334665657,4.49945539517493,1.43806242769724,NA,-3.00550983196493,NA,NA,NA,-2.95107225056473,4.27860513416187,-2.16266077514469,NA,NA,NA,NA,NA,0.232017702764933,-2.18801897586114,2.5845996305263,0.313031384745861,NA,NA,NA,NA,NA,NA,-2.5971701242594,0.0837785692066394,NA,NA,NA,NA,NA,NA,1.6774239742279,1.20686189445119,-2.87710460404616,0.579557354989501,-2.48786210564415,3.32867288176718,NA,NA,NA,NA
"336",NA,NA,NA,NA,NA,NA,NA,NA,NA,NA,NA,NA,NA,NA,NA,NA,NA,2.77278850503449,NA,4.4078932922619,-4.71269949838868,NA,-3.59746261656147,3.14359234439434,NA,3.56466752049386,-2.75477924858428,-3.2402374080215,NA,1.74077518303723,-3.48203710888448,0.924698392349503,2.11463521964119,-0.431638189800121,2.93426057502892,0.0709116306930794,NA,NA,NA,NA,-5.52405910441936,-0.816564023389697,NA,NA,NA,NA,NA,NA,NA,NA,NA,NA,-4.98866138879202,-1.29497729993578,-1.97162473288148,2.18685933454175,NA,NA,NA,NA
"414",NA,NA,NA,NA,NA,NA,NA,NA,NA,NA,NA,NA,NA,NA,NA,-2.35101049934452,NA,3.79062570834429,NA,2.86527825502355,-2.18739384428599,NA,NA,NA,-1.79636469851897,1.58303418101963,-1.97478072102577,-2.60173325197222,NA,NA,-2.5328316795257,0.251188698450588,1.90528431652009,0.475652686007769,1.46605373839867,0.478117429262209,NA,NA,2.78012002330673,-2.42966848713611,-5.97072344227712,0.10602973174458,-2.95119582340467,-0.481369391922929,NA,NA,NA,NA,NA,NA,2.07055335602037,0.0492233266789949,NA,NA,-0.790590119496965,3.81124602436168,NA,NA,1.34482396270532,-2.77275472404435
"416",NA,NA,NA,NA,NA,NA,NA,NA,NA,NA,NA,NA,NA,NA,NA,-1.58557529106728,NA,5.40745090128919,2.30857495255725,NA,-2.69260852984841,1.98625717870801,-3.24059408752409,NA,-2.04637253032538,3.08244344622563,-3.70343864753991,-3.18182321605331,1.92662479297568,NA,-1.3260457683332,-1.30048698976729,0.701547424692402,1.62989223366814,2.72394289052202,-1.5654326477269,2.14634800519707,-0.896657232637994,-2.7187090705265,-0.189847062914287,NA,NA,NA,NA,NA,NA,NA,NA,-3.56644403666721,1.63535173210075,3.43338918396738,-1.99902189447671,-3.30054601979905,2.53141692316203,-1.46981652150158,3.73834088988219,1.42765027370975,-2.94651383366885,-1.97196476973367,1.61071259746629
"420",NA,NA,NA,NA,NA,NA,NA,NA,NA,NA,NA,NA,NA,NA,NA,1.57399531203551,-1.80537162330022,NA,-2.12956741021022,3.35821721774987,NA,-3.09223328252784,2.64839271643111,-1.79159872161332,-2.83017951098046,NA,1.59638175025456,NA,NA,NA,-0.162903912993769,2.16013891993633,-0.207549304228445,-1.46281545206352,3.506322300523,-0.562832423758802,-1.52943487967559,-4.00378496524318,3.22152303599585,2.97268303905049,-6.4498933069923,-0.0897369192078226,1.61503021440734,1.15779978252342,-2.25151847935484,-0.836028134917354,NA,NA,-2.19853732697061,2.65061501906284,2.0275017254524,-2.31869565969785,-0.942294090487742,2.4087319000725,NA,NA,NA,NA,NA,NA
"421",NA,NA,NA,NA,NA,NA,NA,NA,NA,NA,NA,NA,NA,NA,NA,NA,NA,4.07880146744384,NA,2.249184122316,-3.78479206999857,NA,-5.31557102570469,2.97351162763853,NA,3.32616872375371,NA,-3.94195376445493,NA,NA,-2.57274758083024,1.88167098321685,2.11412590967345,-2.01774639258714,1.46167038432198,1.12878203940248,NA,NA,NA,NA,-3.93497814190751,-1.03879752031031,NA,NA,NA,NA,4.57817084299515,0.0975934622990638,NA,NA,3.56338175893361,-1.519284113696,-6.91256976011068,0.844817619380249,-1.17680894207623,2.31514584657911,NA,NA,NA,NA
"423",NA,NA,NA,NA,NA,NA,NA,NA,NA,NA,NA,NA,NA,NA,NA,NA,NA,NA,NA,NA,NA,NA,NA,1.80786894030955,NA,2.20688794291031,-1.71281174921349,-1.7229520607618,NA,NA,-2.26472618158565,2.3250658427167,NA,NA,8.24690973373007,0.0334041028746459,2.01747169842318,-0.0976397509027187,-1.85452762337647,-0.0796999753944704,NA,NA,NA,NA,-3.26666776175236,-0.753314079586705,NA,NA,NA,NA,2.00686439703442,-1.03870903752821,-2.99852248963358,1.19304316297954,-3.98361657212805,2.5627249597733,NA,NA,0.789484329764454,-2.43459264653254
"424",NA,NA,NA,NA,NA,NA,NA,NA,NA,NA,NA,NA,NA,NA,NA,-3.02382955781387,3.68916926948285,NA,3.72739285108475,NA,-2.97666580897316,1.78824859058843,-2.39445632244591,2.10712830280898,-2.21077889643074,2.90036697255782,-2.98258516239,-2.46928767496471,NA,NA,-2.19939924532803,0.359162261882281,2.59921693805087,-0.12212009980371,0.347783237609983,1.44699810835947,NA,NA,NA,NA,-5.11196931620391,-3.6432518218981,-2.58319303161365,0.487869245590419,2.08425294226045,-0.74676753143435,NA,NA,-2.85368869442647,2.68465165179012,2.53698328226578,-2.55808837154965,-2.46269226151102,1.32342491770812,-1.62031325418127,2.9511710402431,1.18739199705443,-2.63657003470001,NA,NA
"1393",NA,1.49361647956004,2.30769065998644,-2.83843593325123,3.484923429021,-6.9317827871141,NA,-2.66557811728052,2.48622485193727,NA,NA,3.93343550914467,2.3190848739335,-1.95533313919397,NA,NA,-3.07346902646007,1.55835809966421,-3.70939788077902,5.26442588582612,NA,-1.54418981827882,1.47260861417247,-1.41263562205517,NA,-2.02996907675793,NA,-2.16869385938593,1.58441329232202,-1.48154307961296,NA,NA,NA,NA,NA,NA,NA,NA,NA,NA,NA,NA,NA,NA,NA,NA,NA,NA,NA,NA,NA,NA,NA,NA,NA,NA,NA,NA,NA,NA
"1394",-3.44713370114351,NA,6.52355109445814,NA,4.50374013561942,-6.15389913279798,NA,NA,-3.73409861306963,-2.77717488109571,3.8138864088021,NA,-1.42266944663875,1.9376346053502,-1.58658946440857,NA,2.09298391161295,-2.50005465685193,-3.15113765511286,3.90341063199585,NA,NA,NA,NA,-3.63003315762083,NA,NA,NA,-2.99062357445472,2.27691473739265,NA,NA,NA,NA,NA,NA,NA,NA,NA,NA,NA,NA,NA,NA,NA,NA,NA,NA,NA,NA,NA,NA,NA,NA,NA,NA,NA,NA,NA,NA
"1396",-2.53608135096792,2.84163037608386,2.28959067197147,-1.61175102252084,3.09452556317395,-5.89221133480921,-2.40353684723245,NA,NA,-1.71827243657343,2.41555557908671,NA,NA,NA,NA,-2.285048157646,3.39234263014859,NA,1.71222956321914,NA,NA,NA,-2.65696834574217,NA,NA,NA,-1.45670042294161,NA,-2.80229910858141,NA,NA,NA,NA,NA,NA,NA,NA,NA,NA,NA,NA,NA,NA,NA,NA,NA,NA,NA,NA,NA,NA,NA,NA,NA,NA,NA,NA,NA,NA,NA
"1397",NA,NA,NA,NA,NA,NA,NA,NA,NA,NA,NA,NA,NA,NA,NA,NA,NA,5.83440809908899,NA,NA,NA,-4.04560985554384,NA,NA,-1.98721711975812,2.61931546376489,-2.74279174424525,NA,NA,-1.42309159746115,-2.12408802215609,-0.694765953029469,3.27853363832626,1.8769634048389,NA,NA,NA,NA,2.20532397535223,-1.99677756184724,-3.45783445791037,0.0235221297965076,NA,NA,NA,NA,NA,NA,-2.23931940776964,2.19364471207452,1.98940809444034,-1.86441143239892,NA,NA,-2.32263632543055,1.84586948061354,2.08618600596077,-1.65657801106944,NA,NA
"1398",NA,NA,NA,NA,NA,NA,NA,NA,NA,NA,NA,NA,NA,NA,NA,-3.40293081479764,3.44138987375553,NA,NA,3.13732085472152,NA,NA,-2.17365844298892,1.42457559764404,-2.23871684483015,NA,NA,NA,-2.4828874833043,NA,NA,NA,NA,NA,5.8245466145545,0.906104458226249,NA,NA,NA,NA,-8.0838239998785,-2.37867473970444,NA,NA,NA,NA,NA,NA,-2.14719078587875,1.0914240234366,2.96638670706468,-1.15825655746692,-2.8166087613674,1.17564813520042,-1.2397612976509,3.95818574208149,NA,NA,1.43490400132112,-2.45150474172531
"1399",NA,NA,NA,NA,NA,NA,NA,NA,NA,NA,NA,NA,NA,NA,NA,NA,NA,2.2881606955427,NA,2.35629416217501,-2.01469246474833,NA,NA,NA,-1.95835963287124,2.80568382500566,-3.15708550683764,NA,NA,NA,-2.07567071953071,-0.678178552513533,1.76792376744948,0.231776565099962,1.61159090340951,0.911281493347242,NA,NA,1.80153430179988,0.107431027836419,-2.88736042821092,-2.49190791724613,-4.73730090513538,0.358657040196334,NA,NA,NA,NA,NA,NA,NA,NA,NA,NA,-2.54714137843879,2.29074521549351,1.230639949225,-2.09107534073057,NA,NA
"1401",NA,NA,NA,NA,NA,NA,NA,NA,NA,NA,NA,NA,NA,NA,NA,NA,-1.55588609274503,NA,NA,NA,-4.13092211480429,-2.67958532092463,NA,NA,-1.67110676442383,4.62333991768281,NA,-2.52296434871041,NA,2.58991826441133,NA,NA,5.24657910565401,-4.18208223157681,NA,NA,NA,NA,NA,NA,4.11299530186934,4.81082058547464,-2.62080338958529,2.73828365386569,2.80907311461887,-2.77975757097554,NA,NA,NA,NA,3.15486114656812,-0.0426319106837764,-6.12733286011959,3.03173579410615,-0.597530722875129,2.90297139259953,0.0349145867977828,-2.33123950209239,0.054356690027532,1.89981406663836
"2969",NA,NA,NA,NA,NA,NA,NA,NA,NA,NA,NA,NA,NA,NA,NA,1.75468318210155,-2.93418963585971,3.38587063594942,-1.93631175226283,2.16662324797616,-3.01773321860094,NA,NA,NA,-2.40113961507761,3.79753364291856,-2.26435351259985,NA,-2.34516425056352,2.68485068460641,1.58793213565169,-3.04127890239394,NA,NA,NA,NA,NA,NA,2.0465701915481,-0.607018130459316,-1.01255060748264,2.53634311434997,-3.71857513598705,0.284241227627614,NA,NA,NA,NA,NA,NA,3.37553985588318,-0.583697909044351,-3.99188345479726,2.24374549331876,-1.85155177596296,3.642065956873,1.43627883391487,-2.28270726192687,NA,NA
"3905",NA,NA,NA,NA,NA,NA,NA,NA,NA,NA,NA,NA,NA,NA,NA,-2.73229091512448,NA,3.28389743946778,-2.92460343837584,3.38996877988569,-2.05343802203034,NA,NA,NA,NA,-3.31940261795442,NA,NA,-3.77807091880501,NA,NA,NA,NA,NA,5.14601205041234,2.76591667979659,NA,NA,3.1149208810272,-1.089991799452,-7.70753410608483,-0.436874497930712,-3.83233369496354,2.67451610547733,2.54672204571723,-2.85270688156631,NA,NA,NA,NA,2.52589777009077,0.042941789971488,NA,NA,-0.199658764718603,2.4801921885768,NA,NA,2.60637457477938,-1.06030073395944
"3908",NA,NA,NA,NA,NA,NA,NA,NA,NA,NA,NA,NA,NA,NA,NA,NA,-2.14769937764426,3.21603247366771,1.61509641128379,-1.6299056895078,NA,NA,NA,2.34505133208184,NA,NA,-2.77728051062261,NA,-3.24249626820828,NA,-3.43470199224912,2.05126705597221,1.94384143056413,-0.523630279729713,2.18398007983633,-0.82978100800404,NA,NA,4.12352486479231,-2.0252991611689,NA,NA,NA,NA,NA,NA,-8.74061928293593,-1.06037260872322,NA,NA,2.1672086539349,2.57623582338728,NA,NA,-0.754484237033787,2.49684274533338,1.70973673156738,-2.87290898563978,NA,NA
"3910",1.9858392086738,-2.05711266561112,3.28308581306955,-2.50448454236677,4.03883193247645,-6.5734540716852,-3.12065338137053,NA,4.06641899142325,NA,1.85493438460822,NA,2.52606765665927,-1.54009080887775,NA,NA,NA,2.52713768956302,NA,NA,NA,NA,NA,-1.74618823489831,-3.22897780061758,2.01903412985736,NA,NA,-2.33360079730748,2.05347082342828,NA,NA,NA,NA,NA,NA,NA,NA,NA,NA,NA,NA,NA,NA,NA,NA,NA,NA,NA,NA,NA,NA,NA,NA,NA,NA,NA,NA,NA,NA
"3921",NA,NA,NA,NA,NA,NA,NA,NA,NA,NA,NA,NA,NA,NA,NA,NA,NA,3.40894919844305,2.46583528970353,NA,NA,NA,NA,-2.69353394602684,NA,2.8210749238383,-2.92305258716687,-2.10704319569538,2.09089480315395,-2.16715479548773,NA,NA,-2.60477917244684,2.34736001121071,5.44009719585811,-0.218301446863125,NA,NA,0.780149907353806,1.39981932445014,-0.995217636587235,-2.3831769192848,-3.18573358597709,-1.78738812703246,NA,NA,NA,NA,-3.26709967320659,0.969252302025469,2.84498710829671,-1.40994036110981,-2.40842087645265,1.46074845721572,-2.20994154397104,3.55404057694096,0.924770011688596,-3.12842995363917,NA,NA
"3922",NA,NA,5.13188855169378,-2.9234532025866,4.26630928281171,-7.74674593023798,NA,NA,NA,NA,3.9780734052467,NA,2.7454131048442,-1.57315795359615,NA,NA,NA,NA,-2.18891504687323,3.3998949906945,NA,NA,-2.83583229657355,1.53726633321188,-3.20931195882911,2.25235869058688,NA,NA,-2.04132843628371,NA,NA,NA,NA,NA,NA,NA,NA,NA,NA,NA,NA,NA,NA,NA,NA,NA,NA,NA,NA,NA,NA,NA,NA,NA,NA,NA,NA,NA,NA,NA
"3924",NA,NA,NA,NA,NA,NA,NA,NA,NA,NA,NA,NA,NA,NA,NA,1.55262870860333,-2.66470563742985,3.36869450479356,-1.7596979456677,2.20961028172323,-3.27219292250846,NA,-2.97134652973256,NA,-2.71883094657612,4.01107950719303,-2.03838463052617,NA,-3.43914186120574,2.51897873240323,-2.35380052501001,2.22376488262733,2.89644236234041,-2.57783353870942,-1.11352720425703,2.2983477467982,NA,NA,NA,NA,-0.925618605671124,6.5561672811661,NA,NA,-3.09875718435774,1.89679644296659,4.10062353399586,-3.10780062254016,3.02527720841744,-2.50969871129513,NA,NA,-5.40575409107502,4.07162517504288,NA,NA,NA,NA,NA,NA
"3937",-3.72355104410709,2.28700658447186,2.86437401756267,NA,NA,2.25460801961511,NA,NA,NA,NA,2.10953261055392,-3.55255343117001,NA,NA,NA,NA,-2.4664569112301,4.25022120396304,3.04231401778442,-4.34562925414305,NA,NA,NA,NA,NA,NA,1.57191486020201,-6.67134406561024,NA,NA,NA,NA,NA,NA,NA,NA,NA,NA,NA,NA,NA,NA,NA,NA,NA,NA,NA,NA,NA,NA,NA,NA,NA,NA,NA,NA,NA,NA,NA,NA
"3943",NA,NA,NA,NA,NA,NA,NA,NA,NA,NA,NA,NA,NA,NA,NA,NA,NA,2.85833254335635,NA,NA,NA,NA,NA,NA,-3.75635626633649,3.71789684543153,-2.40697496846256,-2.59646120784952,NA,NA,NA,NA,NA,NA,6.21842770359421,0.625771102501217,-1.99161847372287,0.657142187177408,2.37808383062663,-0.757696488307296,-4.24719156319015,0.313836798562204,NA,NA,-2.7269070684431,0.734888317107592,2.97303275138998,-1.20424379106984,-1.94327417340193,1.92637807346464,3.23246081382729,-2.49825667931126,-5.17460853836294,2.57687324737585,-2.0265103047157,4.28346292680474,NA,NA,NA,NA
"3963",NA,NA,NA,NA,NA,NA,NA,NA,NA,NA,NA,NA,NA,NA,NA,-2.54254285886622,NA,NA,2.13731078001083,NA,-2.04229265599316,1.48904124780582,-1.98703051982007,3.72327142951541,NA,3.71894704570559,-3.58723384902096,-1.67941024308011,NA,NA,-2.84238240917631,1.53192761157041,3.1548191105757,-1.47697202441744,1.25066309102807,2.23301201837083,NA,NA,NA,NA,NA,NA,NA,NA,-2.95170179071945,-1.31289344662299,NA,NA,NA,NA,NA,NA,NA,NA,-2.15017751229114,3.68763008546159,NA,NA,0.0945273306573101,-3.31663464866169
"3970",NA,NA,NA,NA,NA,NA,NA,NA,NA,NA,NA,NA,NA,NA,NA,NA,NA,4.69382202892848,NA,2.14554911107593,-2.36691601959277,NA,-5.15502535940602,NA,-3.95954405233624,4.15968853128009,-4.17112252982889,NA,NA,NA,-2.30401424719613,-0.662282337407057,1.47132200275676,0.905171496295506,1.64165968477463,0.270998619826649,NA,NA,2.55886600027377,-0.800099511590963,-4.06666383396928,-0.994205981619434,NA,NA,NA,NA,NA,NA,NA,NA,NA,NA,NA,NA,-2.90818006445395,4.25057831732429,2.10240352037707,-3.7437694448553,NA,NA
"3971",NA,NA,NA,NA,NA,NA,NA,NA,NA,NA,NA,NA,NA,NA,NA,-3.99135396874105,5.26653857580313,NA,NA,2.01979291017256,-1.42300065066362,NA,NA,NA,NA,NA,NA,NA,-4.84019228568948,NA,NA,NA,NA,NA,7.3550432624229,2.76855845996322,NA,NA,NA,NA,-9.1546130477055,-5.01115247088328,-4.26063530082677,1.87697665428243,NA,NA,NA,NA,-2.1672259389039,2.61964557662957,2.96216856962881,-2.35777542196689,-4.25598092250602,1.46323842185365,-2.88893341083904,5.08609430261038,NA,NA,3.58383272056891,-3.16555519399224
